NOMBRE_INVENTOR,NOMBRE DEL INVESTIGADOR,inventor_id,CVU,Last Name,First Name,NAME
"MORENO,MARCOS","MORENO IBARRA,MARCO",fl:ma_ln:pastor-1,17341,MORENO IBARRA,MARCO,MORENO IBARRA MARCO
"CRUZ,ISRAEL","CRUZ VEGA,ISRAEL",fl:is_ln:ruiz-2,162347,CRUZ VEGA,ISRAEL,CRUZ VEGA ISRAEL
"PADILLA,CESAR","PADILLA ALTAMIRA,CESAR",fl:ce_ln:padilla-1,210866,PADILLA ALTAMIRA,CESAR,PADILLA ALTAMIRA CESAR
"AGUILAR,JOSE ROBERTO","AGUILAR JIMENEZ,JOSE ROBERTO",fl:jo_ln:aguilarante-1,292797,AGUILAR JIMENEZ,JOSE ROBERTO,AGUILAR JIMENEZ JOSE ROBERTO
"AGUILAR,MARIO","SANCHEZ AGUILAR,MARIO",fl:ma_ln:aguilar-6,102066,SANCHEZ AGUILAR,MARIO,SANCHEZ AGUILAR MARIO
"CASTANO,GUILLERMO","CASTANON NAJERA,GUILLERMO",fl:gu_ln:castano-1,11823,CASTANON NAJERA,GUILLERMO,CASTANON NAJERA GUILLERMO
"ESCOBAR,GERARDO","ESCOBAR GALINDO,GERARDO",fl:ge_ln:escobar-2,35614,ESCOBAR GALINDO,GERARDO,ESCOBAR GALINDO GERARDO
"FLORES,DANIEL","FLORES CURIEL,DANIEL",fl:ra_ln:floresaguirre-1,21427,FLORES CURIEL,DANIEL,FLORES CURIEL DANIEL
"FLORES,FERNANDO","FLORES GARCIA,FERNANDO",fl:fe_ln:flores-3,1743,FLORES GARCIA,FERNANDO,FLORES GARCIA FERNANDO
"GARCIA,ALBERTO","GARCIA QUIROZ,ALBERTO",fl:lu_ln:garcialuna-1,31929,GARCIA QUIROZ,ALBERTO,GARCIA QUIROZ ALBERTO
"GARCIA,MARIO","GARCIA BERGER,MARIO",fl:ma_ln:lannoy-1,72354,GARCIA BERGER,MARIO,GARCIA BERGER MARIO
"HERRERA,LUIS EDUARDO","HERRERA AZTEGUI,LUIS EDUARDO",fl:lu_ln:herrera-2,208423,HERRERA AZTEGUI,LUIS EDUARDO,HERRERA AZTEGUI LUIS EDUARDO
"SANTOS,ARTURO","SANTOS GARCIA,ARTURO",fl:ar_ln:santos-5,15784,SANTOS GARCIA,ARTURO,SANTOS GARCIA ARTURO
"VARGAS,CARLOS","VARGAS OBIETA,CARLOS",fl:ca_ln:vargas-1,367413,VARGAS OBIETA,CARLOS,VARGAS OBIETA CARLOS
"AGUILAR,JOSE ANTONIO","AGUILAR RIVERA,JOSE ANTONIO",fl:jo_ln:aguilarmendez-1,16233,AGUILAR RIVERA,JOSE ANTONIO,AGUILAR RIVERA JOSE ANTONIO
"GARCIA,ARTURO","GARCIA GOMEZ,ARTURO",fl:ar_ln:garcia-6,261385,GARCIA GOMEZ,ARTURO,GARCIA GOMEZ ARTURO
"GARCIA,GUADALUPE","GARCIA LOPEZ,GUADALUPE",fl:gu_ln:garcia-19,215316,GARCIA LOPEZ,GUADALUPE,GARCIA LOPEZ GUADALUPE
"GARCIA,GUSTAVO","GARCIA CONDE,GUSTAVO",fl:gu_ln:garcia-6,334990,GARCIA CONDE,GUSTAVO,GARCIA CONDE GUSTAVO
"GARCIA,LUIS MANUEL","GARCIA FERIA,LUIS MANUEL",fl:lu_ln:garcia-5,98872,GARCIA FERIA,LUIS MANUEL,GARCIA FERIA LUIS MANUEL
"GARCIA,SERGIO","GARCIA AVILA,SERGIO",fl:se_ln:dealbagarcin-1,122596,GARCIA AVILA,SERGIO,GARCIA AVILA SERGIO
"GOMEZ,JAVIER","GOMEZ DIAZ,JAVIER",fl:ja_ln:gomez-7,263819,GOMEZ DIAZ,JAVIER,GOMEZ DIAZ JAVIER
"HERNANDEZ,MARCELINO","HERNANDEZ VALENCIA,MARCELINO",fl:ma_ln:hernandez-48,19257,HERNANDEZ VALENCIA,MARCELINO,HERNANDEZ VALENCIA MARCELINO
"JIMENEZ,RICARDO","JIMENEZ MENDEZ,RICARDO",fl:ri_ln:jimenez-1,87455,JIMENEZ MENDEZ,RICARDO,JIMENEZ MENDEZ RICARDO
"LOPEZ,LUIS","LOPEZ SOSA,LUIS",fl:lu_ln:lopezmoreno-1,436110,LOPEZ SOSA,LUIS,LOPEZ SOSA LUIS
"MENDOZA,MONICA","MENDEZ DIAZ,MONICA",fl:mo_ln:mendoza-1,25578,MENDEZ DIAZ,MONICA,MENDEZ DIAZ MONICA
"MORALES,JORGE","MORALES MONTOR,JORGE",fl:jo_ln:morales-18,15566,MORALES MONTOR,JORGE,MORALES MONTOR JORGE
"PEREZ,IVAN","PEREZ DIAZ,IVAN",fl:iv_ln:perez-1,40913,PEREZ DIAZ,IVAN,PEREZ DIAZ IVAN
"PEREZ,MARCOS","PEREZ SATO,MARCOS",fl:ma_ln:perez-48,37460,PEREZ SATO,MARCOS,PEREZ SATO MARCOS
"SANCHEZ,ALBERTO","SANCHEZ MEDINA,ALBERTO",fl:al_ln:pulidosanchez-1,39502,SANCHEZ MEDINA,ALBERTO,SANCHEZ MEDINA ALBERTO
"SANCHEZ,CESAR","SANCHEZ OCAMPO,CESAR",fl:ce_ln:sanchez-3,257267,SANCHEZ OCAMPO,CESAR,SANCHEZ OCAMPO CESAR
"SANCHEZ,LAURA","SANCHEZ CHAPUL,LAURA",fl:la_ln:sanchez-3,122340,SANCHEZ CHAPUL,LAURA,SANCHEZ CHAPUL LAURA
"GALLEGOS,MIGUEL ANGEL","GALLEGOS ROBLES,MIGUEL ANGEL",fl:mi_ln:gallegos-1,36608,GALLEGOS ROBLES,MIGUEL ANGEL,GALLEGOS ROBLES MIGUEL ANGEL
"GONZALEZ,PEDRO","GONZALEZ ZAMORA,PEDRO",fl:pe_ln:gonzalez-4,407777,GONZALEZ ZAMORA,PEDRO,GONZALEZ ZAMORA PEDRO
"HERNANDEZ,ROBERTO","HERNANDEZ RAYGOZA,ROBERTO",fl:ro_ln:hernandez-5,771883,HERNANDEZ RAYGOZA,ROBERTO,HERNANDEZ RAYGOZA ROBERTO
"GARCIA,ARMANDO","GARCIA LUNA,ARMANDO",fl:al_ln:garciagonzalez-1,33303,GARCIA LUNA,ARMANDO,GARCIA LUNA ARMANDO
"GARCIA,FERNANDO","GARCIA PAEZ,FERNANDO",fl:fe_ln:garcia-9,111885,GARCIA PAEZ,FERNANDO,GARCIA PAEZ FERNANDO
"GARCIA,JESUS","GARCIA DIAZ,JESUS",fl:je_ln:garcia-29,20438,GARCIA DIAZ,JESUS,GARCIA DIAZ JESUS
"GARCIA,RAFAEL","GARCIA RUIZ,RAFAEL",fl:ra_ln:garcia-30,388545,GARCIA RUIZ,RAFAEL,GARCIA RUIZ RAFAEL
"MENDEZ,ANTONIO","MENDEZ BLAS,ANTONIO",fl:an_ln:mendez-3,123735,MENDEZ BLAS,ANTONIO,MENDEZ BLAS ANTONIO
"GONZALEZ,ALEJANDRO","GONZALEZ GOMEZ,ALEJANDRO",fl:iv_ln:gonzalez-1,19731,GONZALEZ GOMEZ,ALEJANDRO,GONZALEZ GOMEZ ALEJANDRO
"GONZALEZ,CLAUDIA","GONZALEZ GOMEZ,CLAUDIA",fl:cl_ln:gonzalez-4,239151,GONZALEZ GOMEZ,CLAUDIA,GONZALEZ GOMEZ CLAUDIA
"GONZALEZ,FERNANDO","GONZALEZ CERON,FERNANDO",fl:aa_ln:gonzalezcordova-1,161819,GONZALEZ CERON,FERNANDO,GONZALEZ CERON FERNANDO
"GONZALEZ,JUAN MIGUEL","GONZALEZ LOPEZ,JUAN MIGUEL",fl:ju_ln:gonzalez-18,211801,GONZALEZ LOPEZ,JUAN MIGUEL,GONZALEZ LOPEZ JUAN MIGUEL
"MARTINEZ,ANTONIO","MARTINEZ RICHA,ANTONIO",fl:ed_ln:martinez-12,534,MARTINEZ RICHA,ANTONIO,MARTINEZ RICHA ANTONIO
"MARTINEZ,JUAN CARLOS","MARTINEZ ROSAS,JUAN CARLOS",fl:ju_ln:martinezlaurent-1,45861,MARTINEZ ROSAS,JUAN CARLOS,MARTINEZ ROSAS JUAN CARLOS
"VAZQUEZ,LUIS","VAZQUEZ LEON,LUIS",fl:lu_ln:vazquez-3,6735,VAZQUEZ LEON,LUIS,VAZQUEZ LEON LUIS
"VAZQUEZ,MARIA ELENA","VAZQUEZ LIRA,MARIA ELENA",fl:ma_ln:vazquez-7,585184,VAZQUEZ LIRA,MARIA ELENA,VAZQUEZ LIRA MARIA ELENA
"VILLASENOR,LUIS","VILLASENOR PINEDA,LUIS",fl:lu_ln:villasenor-1,21224,VILLASENOR PINEDA,LUIS,VILLASENOR PINEDA LUIS
"GUTIERREZ,MANUEL","GUTIERREZ NAVA,MANUEL",fl:ma_ln:gutierrez-17,30209,GUTIERREZ NAVA,MANUEL,GUTIERREZ NAVA MANUEL
"RODRIGUEZ,CESAR","RODRIGUEZ BEAS,CESAR",fl:ce_ln:rodriguezcedillo-1,48236,RODRIGUEZ BEAS,CESAR,RODRIGUEZ BEAS CESAR
"LOPEZ,MARIO","LOPEZ GOMEZ,MARIO",fl:ma_ln:ruiz-23,123514,LOPEZ GOMEZ,MARIO,LOPEZ GOMEZ MARIO
"MARINI,JESUS","MARIN CRUZ,JESUS",fl:je_ln:mariniparissi-1,37228,MARIN CRUZ,JESUS,MARIN CRUZ JESUS
"AGUILAR,ANTONIO","AGUILAR LOPEZ,ANTONIO",fl:jo_ln:aguilarmendez-1,94440,AGUILAR LOPEZ,ANTONIO,AGUILAR LOPEZ ANTONIO
"AGUILAR,OMAR","AGUILAR MEJIA,OMAR",fl:om_ln:aguilarmacedo-1,98156,AGUILAR MEJIA,OMAR,AGUILAR MEJIA OMAR
"MURILLO,DANIEL","MURILLO LICEA,DANIEL",fl:da_ln:murillo-2,122955,MURILLO LICEA,DANIEL,MURILLO LICEA DANIEL
"SANCHEZ,JOSE GUADALUPE","SANCHEZ LOPEZ,JOSE GUADALUPE",fl:jo_ln:sanchezdelarosa-2,952294,SANCHEZ LOPEZ,JOSE GUADALUPE,SANCHEZ LOPEZ JOSE GUADALUPE
"CONTRERAS,ROBERTO","CONTRERAS JUAREZ,ROBERTO",fl:ro_ln:contreras-7,80228,CONTRERAS JUAREZ,ROBERTO,CONTRERAS JUAREZ ROBERTO
"HERNANDEZ,HECTOR","HERNANDEZ LOPEZ,HECTOR",fl:he_ln:hernandezhernandez-1,40117,HERNANDEZ LOPEZ,HECTOR,HERNANDEZ LOPEZ HECTOR
"HERNANDEZ,RICARDO","HERNANDEZ AVILA,RICARDO",fl:ri_ln:hernandez-6,30819,HERNANDEZ AVILA,RICARDO,HERNANDEZ AVILA RICARDO
"RODRIGUEZ,GUSTAVO","RODRIGUEZ GOMEZ,GUSTAVO",fl:gu_ln:rodriguez-6,202891,RODRIGUEZ GOMEZ,GUSTAVO,RODRIGUEZ GOMEZ GUSTAVO
"GONZALEZ,ENRIQUE","GONZALEZ SOSA,ENRIQUE",fl:al_ln:gonzalez-20,21636,GONZALEZ SOSA,ENRIQUE,GONZALEZ SOSA ENRIQUE
"MARTINEZ,DANIEL","MARTINEZ FONG,DANIEL",fl:he_ln:martinez-1,3516,MARTINEZ FONG,DANIEL,MARTINEZ FONG DANIEL
"NIETO ALVAREZ,DAVID AARON","NIETO ALVAREZ,DAVID ARROON",fl:da_ln:nietoalvarez-1,120701,NIETO ALVAREZ,DAVID ARROON,NIETO ALVAREZ DAVID ARROON
"CAMACHO PEREZ,JOSE R","CAMACHO PEREZ,JOSE RODRIGO",fl:jo_ln:camachoperez-2,46302,CAMACHO PEREZ,JOSE RODRIGO,CAMACHO PEREZ JOSE RODRIGO
"VILLARREAL TREVINO,JUAN A","VILLARREAL TREVINO,JUAN ANTONIO",fl:ju_ln:villarrealtrevino-1,32126,VILLARREAL TREVINO,JUAN ANTONIO,VILLARREAL TREVINO JUAN ANTONIO
"MENA CERVANTES,VIOLETA YAZMIN","MENA CERVANTES,VIOLETA YASMIN",fl:vi_ln:menacervantes-1,170728,MENA CERVANTES,VIOLETA YASMIN,MENA CERVANTES VIOLETA YASMIN
"DOMINGUEZ ESQUIVEL,JOSE MANUEL","DOMINGUEZ ESQUIVEL,JOSE MANUEL",fl:jo_ln:dominguezesquivel-1,472,DOMINGUEZ ESQUIVEL,JOSE MANUEL,DOMINGUEZ ESQUIVEL JOSE MANUEL
"ABURTO ANELL,JORGE ARTURO","ABURTO ANELL,JORGE ARTURO",fl:jo_ln:aburtoanell-1,21717,ABURTO ANELL,JORGE ARTURO,ABURTO ANELL JORGE ARTURO
"MARIN CRUZ,JESUS","MARIN CRUZ,JESUS",fl:je_ln:marincruz-1,37228,MARIN CRUZ,JESUS,MARIN CRUZ JESUS
"MARTINEZ PALOU,RAFAEL","MARTINEZ PALOU,RAFAEL",fl:ra_ln:martinezpalou-1,26346,MARTINEZ PALOU,RAFAEL,MARTINEZ PALOU RAFAEL
"QUEJ AKE,LUIS MANUEL","QUEJ AKE,LUIS MANUEL",fl:lu_ln:quejake-1,100796,QUEJ AKE,LUIS MANUEL,QUEJ AKE LUIS MANUEL
"BENITEZ AGUILAR,JOSE LUIS RODOLFO","BENITEZ AGUILAR,JOSE LUIS RODOLFO",fl:jo_ln:benitezaguilar-1,15505,BENITEZ AGUILAR,JOSE LUIS RODOLFO,BENITEZ AGUILAR JOSE LUIS RODOLFO
"CASTILLO CERVANTES,SALVADOR","CASTILLO CERVANTES,SALVADOR",fl:sa_ln:castillocervantes-1,10589,CASTILLO CERVANTES,SALVADOR,CASTILLO CERVANTES SALVADOR
"MEJIA CENTENO,ISIDRO","MEJIA CENTENO,ISIDRO",fl:is_ln:mejiacenteno-1,130241,MEJIA CENTENO,ISIDRO,MEJIA CENTENO ISIDRO
"MORAN PINEDA,FLORENCIA MARINA","MORAN PINEDA,FLORENCIA MARINA",fl:fl_ln:moranpineda-1,10591,MORAN PINEDA,FLORENCIA MARINA,MORAN PINEDA FLORENCIA MARINA
"CAMPOSECO SOLIS,ROBERTO","CAMPOSECO SOLIS,ROBERTO",fl:ro_ln:camposecosolis-1,336258,CAMPOSECO SOLIS,ROBERTO,CAMPOSECO SOLIS ROBERTO
"NAVARRETE BOLANOS,JUAN","NAVARRETE BOLANOS,JUAN",fl:ju_ln:navarretebolanos-1,8000,NAVARRETE BOLANOS,JUAN,NAVARRETE BOLANOS JUAN
"SANCHEZ GARCIA,SERGIO","SANCHEZ GARCIA,SERGIO",fl:se_ln:sanchezgarcia-1,42971,SANCHEZ GARCIA,SERGIO,SANCHEZ GARCIA SERGIO
"ANCHEYTA JUAREZ,JORGE","ANCHEYTA JUAREZ,JORGE",fl:jo_ln:ancheytajuarez-1,12077,ANCHEYTA JUAREZ,JORGE,ANCHEYTA JUAREZ JORGE
"RAMIREZ SOLIS,JORGE FERNANDO","RAMIREZ SOLIS,JORGE FERNANDO",fl:jo_ln:ramirezsolis-1,1651,RAMIREZ SOLIS,JORGE FERNANDO,RAMIREZ SOLIS JORGE FERNANDO
"RAYO MAYORAL,PATRICIA","RAYO MAYORAL,PATRICIA",fl:pa_ln:rayomayoral-1,80479,RAYO MAYORAL,PATRICIA,RAYO MAYORAL PATRICIA
"CENTENO NOLASCO,GUILLERMO","CENTENO NOLASCO,GUILLERMO",fl:gu_ln:centenonolasco-1,253434,CENTENO NOLASCO,GUILLERMO,CENTENO NOLASCO GUILLERMO
"MARROQUIN SANCHEZ,GUSTAVO JESUS","MARROQUIN SANCHEZ,GUSTAVO JESUS",fl:gu_ln:marroquinsanchez-1,202165,MARROQUIN SANCHEZ,GUSTAVO JESUS,MARROQUIN SANCHEZ GUSTAVO JESUS
"BELTRAN CONDE,HIRAM ISAAC","BELTRAN CONDE,HIRAM ISAAC",fl:hi_ln:beltranconde-2,30127,BELTRAN CONDE,HIRAM ISAAC,BELTRAN CONDE HIRAM ISAAC
"ZAMUDIO RIVERA,LUIS SILVESTRE","ZAMUDIO RIVERA,LUIS SILVESTRE",fl:lu_ln:zamudiorivera-1,26241,ZAMUDIO RIVERA,LUIS SILVESTRE,ZAMUDIO RIVERA LUIS SILVESTRE
"DOMINGUEZ AGUILAR,MARCO ANTONIO","DOMINGUEZ AGUILAR,MARCO ANTONIO",fl:ma_ln:dominguezaguilar-1,122986,DOMINGUEZ AGUILAR,MARCO ANTONIO,DOMINGUEZ AGUILAR MARCO ANTONIO
"MENA CERVANTES,VIOLETA YASMIN","MENA CERVANTES,VIOLETA YASMIN",fl:vi_ln:menacervantes-2,170728,MENA CERVANTES,VIOLETA YASMIN,MENA CERVANTES VIOLETA YASMIN
"HERNANDEZ ALTAMIRANO,RAUL","HERNANDEZ ALTAMIRANO,RAUL",fl:ra_ln:hernandezaltamirano-1,131289,HERNANDEZ ALTAMIRANO,RAUL,HERNANDEZ ALTAMIRANO RAUL
"VAZQUEZ MORENO,FLAVIO SALVADOR","VAZQUEZ MORENO,FLAVIO SALVADOR",fl:fl_ln:vazquezmoreno-1,16165,VAZQUEZ MORENO,FLAVIO SALVADOR,VAZQUEZ MORENO FLAVIO SALVADOR
"ALVAREZ RAMIREZ,FERNANDO","ALVAREZ RAMIREZ,FERNANDO",fl:fe_ln:alvarezramirez-1,26371,ALVAREZ RAMIREZ,FERNANDO,ALVAREZ RAMIREZ FERNANDO
"HERNANDEZ CORTEZ,JOSE GONZALO","HERNANDEZ CORTEZ,JOSE GONZALO",fl:jo_ln:hernandezcortez-1,30357,HERNANDEZ CORTEZ,JOSE GONZALO,HERNANDEZ CORTEZ JOSE GONZALO
"CASTRO SOTELO,LAURA VERONICA","CASTRO SOTELO,LAURA VERONICA",fl:la_ln:castrosotelo-1,90812,CASTRO SOTELO,LAURA VERONICA,CASTRO SOTELO LAURA VERONICA
"FLORES OROPEZA,EUGENIO ALEJANDRO","FLORES OROPEZA,EUGENIO ALEJANDRO",fl:eu_ln:floresoropeza-1,19448,FLORES OROPEZA,EUGENIO ALEJANDRO,FLORES OROPEZA EUGENIO ALEJANDRO
"REYES MARTINEZ,REYNA","REYES MARTINEZ,REYNA",fl:re_ln:reyesmartinez-2,163265,REYES MARTINEZ,REYNA,REYES MARTINEZ REYNA
"HERNANDEZ HERNANDEZ,HECTOR","HERNANDEZ HERNANDEZ,HECTOR ALFREDO",fl:he_ln:hernandezhernandez-1,270766,HERNANDEZ HERNANDEZ,HECTOR ALFREDO,HERNANDEZ HERNANDEZ HECTOR ALFREDO
"MAYA FLORES,ETEL","MAYA FLORES,ETEL",fl:et_ln:mayaflores-1,373228,MAYA FLORES,ETEL,MAYA FLORES ETEL
"SANCHEZ VALENTE,JAIME","SANCHEZ VALENTE,JAIME",fl:ja_ln:sanchezvalente-2,21916,SANCHEZ VALENTE,JAIME,SANCHEZ VALENTE JAIME
"QUINTANA SOLORZANO,ROBERTO","QUINTANA SOLORZANO,ROBERTO",fl:ro_ln:quintanasolorzano-1,84014,QUINTANA SOLORZANO,ROBERTO,QUINTANA SOLORZANO ROBERTO
"ARMENDARIZ HERRERA,HECTOR","ARMENDARIZ HERRERA,HECTOR",fl:he_ln:armendarizherrera-1,6194,ARMENDARIZ HERRERA,HECTOR,ARMENDARIZ HERRERA HECTOR
"GUZMAN CASTILLO,MARIA DE LOURDES ALEJANDRA","GUZMAN CASTILLO,MARIA DE LOURDES ALEJANDRA",fl:ma_ln:guzmancastillo-1,8786,GUZMAN CASTILLO,MARIA DE LOURDES ALEJANDRA,GUZMAN CASTILLO MARIA DE LOURDES ALEJANDRA
"HERNANDEZ SUAREZ,ROGELIO","HERNANDEZ SUAREZ,ROGELIO",fl:ro_ln:hernandezsuarez-1,201421,HERNANDEZ SUAREZ,ROGELIO,HERNANDEZ SUAREZ ROGELIO
"JIMENEZ CRUZ,FEDERICO JESUS","JIMENEZ CRUZ,FEDERICO JESUS",fl:fe_ln:jimenezcruz-1,18867,JIMENEZ CRUZ,FEDERICO JESUS,JIMENEZ CRUZ FEDERICO JESUS
"CASTANEDA LOPEZ,LUIS CARLOS","CASTANEDA LOPEZ,LUIS CARLOS",fl:lu_ln:castanedalopez-1,216827,CASTANEDA LOPEZ,LUIS CARLOS,CASTANEDA LOPEZ LUIS CARLOS
"MURRIETA GUEVARA,FLORENTINO RAFAEL","MURRIETA GUEVARA,FLORENTINO RAFAEL",fl:fl_ln:murrietaguevara-1,202131,MURRIETA GUEVARA,FLORENTINO RAFAEL,MURRIETA GUEVARA FLORENTINO RAFAEL
"ALEMAN VAZQUEZ,LAURA OLIVIA","ALEMAN VAZQUEZ,LAURA OLIVIA",fl:la_ln:alemanvazquez-1,122808,ALEMAN VAZQUEZ,LAURA OLIVIA,ALEMAN VAZQUEZ LAURA OLIVIA
"ZENTENO RAMIREZ,ANTONIO","ZENTENO RAMIREZ,ANTONIO",fl:an_ln:zentenoramirez-1,123310,ZENTENO RAMIREZ,ANTONIO,ZENTENO RAMIREZ ANTONIO
"VALLEJO GALLAND,BELINDA","VALLEJO GALLAND,BELINDA",fl:be_ln:vallejogalland-1,15447,VALLEJO GALLAND,BELINDA,VALLEJO GALLAND BELINDA
"RODRIGUEZ FIGUEROA,JOSE CARLOS","RODRIGUEZ FIGUEROA,JOSE CARLOS",fl:jo_ln:rodriguezfigueroa-1,211592,RODRIGUEZ FIGUEROA,JOSE CARLOS,RODRIGUEZ FIGUEROA JOSE CARLOS
"GONZALEZ CORDOVA,AARON FERNANDO","GONZALEZ CORDOVA,AARON FERNANDO",fl:aa_ln:gonzalezcordova-1,145125,GONZALEZ CORDOVA,AARON FERNANDO,GONZALEZ CORDOVA AARON FERNANDO
"AQUINO OLIVOS,MARCO ANTONIO","AQUINO OLIVOS,MARCO ANTONIO",fl:ma_ln:aquinoolivos-2,68302,AQUINO OLIVOS,MARCO ANTONIO,AQUINO OLIVOS MARCO ANTONIO
"CAMACHO PEREZ,JOSE RODRIGO","CAMACHO PEREZ,JOSE RODRIGO",fl:jo_ln:camachoperez-2,46302,CAMACHO PEREZ,JOSE RODRIGO,CAMACHO PEREZ JOSE RODRIGO
"LOPEZ MEYER,PAULO","LOPEZ MEYER,PAULO",fl:pa_ln:lopezmeyer-1,49474,LOPEZ MEYER,PAULO,LOPEZ MEYER PAULO
"CAMPOS CANTON,ERIC","CAMPOS CANTON,ERIC",fl:er_ln:camposcanton-1,121080,CAMPOS CANTON,ERIC,CAMPOS CANTON ERIC
"CISNEROS DEVORA,RODOLFO","CISNEROS DEVORA,RODOLFO",fl:ro_ln:cisnerosdevora-1,169672,CISNEROS DEVORA,RODOLFO,CISNEROS DEVORA RODOLFO
"PONS JIMENEZ,MIRNA","PONS JIMENEZ,MIRNA",fl:mi_ln:ponsjimenez-1,252584,PONS JIMENEZ,MIRNA,PONS JIMENEZ MIRNA
"LUNA ROJERO,ERICK EMANUEL","LUNA ROJERO,ERICK EMANUEL",fl:er_ln:lunarojero-1,18934,LUNA ROJERO,ERICK EMANUEL,LUNA ROJERO ERICK EMANUEL
"CORDOURIER MARURI,HECTOR","CORDOURIER MARURI,HECTOR ALFONSO",fl:he_ln:cordouriermaruri-1,167179,CORDOURIER MARURI,HECTOR ALFONSO,CORDOURIER MARURI HECTOR ALFONSO
"ZAMORA ESQUIVEL,JULIO","ZAMORA ESQUIVEL,JULIO CESAR",fl:ju_ln:zamoraesquivel-1,39887,ZAMORA ESQUIVEL,JULIO CESAR,ZAMORA ESQUIVEL JULIO CESAR
"CEVADA MAYA,ENRIQUE","CEVADA MAYA,ENRIQUE",fl:en_ln:cevadamaya-1,252873,CEVADA MAYA,ENRIQUE,CEVADA MAYA ENRIQUE
"HERNANDEZ CARBAJAL,EDGAR IVAN","HERNANDEZ CARBAJAL,EDGAR IVAN",fl:ed_ln:hernandezcarbajal-1,391601,HERNANDEZ CARBAJAL,EDGAR IVAN,HERNANDEZ CARBAJAL EDGAR IVAN
"BEAS BUJANOS,JOAQUIN","BEAS BUJANOS,JOAQUIN",fl:jo_ln:beasbujanos-1,101336,BEAS BUJANOS,JOAQUIN,BEAS BUJANOS JOAQUIN
"SALDIVAR GUERRA,ENRIQUE","SALDIVAR GUERRA,ENRIQUE",fl:en_ln:saldivarguerra-1,18854,SALDIVAR GUERRA,ENRIQUE,SALDIVAR GUERRA ENRIQUE
"SEGURA PACHECO,BLANCA ANGELICA","SEGURA PACHECO,BLANCA ANGELICA",fl:bl_ln:segurapacheco-1,123577,SEGURA PACHECO,BLANCA ANGELICA,SEGURA PACHECO BLANCA ANGELICA
"CABRERA AQUINO,JOSE GUSTAVO","CABRERA AQUINO,JOSE GUSTAVO",fl:jo_ln:cabreraaquino-1,121916,CABRERA AQUINO,JOSE GUSTAVO,CABRERA AQUINO JOSE GUSTAVO
"RONICKE,STEPHAN","RONICKE,STEPHAN",fl:st_ln:ronicke-1,886567,RONICKE,STEPHAN,RONICKE STEPHAN
"CARRILLO FUENTEVILLA,ROBERTO","CARRILLO FUENTEVILLA,ROBERTO",fl:ro_ln:carrillofuentevilla-1,16034,CARRILLO FUENTEVILLA,ROBERTO,CARRILLO FUENTEVILLA ROBERTO
"OLGUIN LORA,PATRICIA","OLGUIN LORA,PATRICIA",fl:pa_ln:olguinlora-1,21310,OLGUIN LORA,PATRICIA,OLGUIN LORA PATRICIA
"CASTORENA CORTES,GLADYS TERESA","CASTORENA CORTES,GLADYS TERESA",fl:gl_ln:castorenacortes-1,70335,CASTORENA CORTES,GLADYS TERESA,CASTORENA CORTES GLADYS TERESA
"ROLDAN CARRILLO,TERESA GUADALUPE","ROLDAN CARRILLO,TERESA GUADALUPE",fl:te_ln:roldancarrillo-1,25434,ROLDAN CARRILLO,TERESA GUADALUPE,ROLDAN CARRILLO TERESA GUADALUPE
"CAMPOS MACIAS,LEOBARDO","CAMPOS MACIAS,LEOBARDO EMMANUEL",fl:le_ln:camposmacias-1,543862,CAMPOS MACIAS,LEOBARDO EMMANUEL,CAMPOS MACIAS LEOBARDO EMMANUEL
"GOMEZ GUTIERREZ,DAVID","GOMEZ GUTIERREZ,DAVID",fl:da_ln:gomezgutierrez-1,205631,GOMEZ GUTIERREZ,DAVID,GOMEZ GUTIERREZ DAVID
"HERNANDEZ BELTRAN,FRANCISCO JAVIER","HERNANDEZ BELTRAN,FRANCISCO JAVIER",fl:fr_ln:hernandezbeltran-1,5081,HERNANDEZ BELTRAN,FRANCISCO JAVIER,HERNANDEZ BELTRAN FRANCISCO JAVIER
"PEREZ ROMO,PATRICIA","PEREZ ROMO,PATRICIA",fl:pa_ln:perezromo-1,21919,PEREZ ROMO,PATRICIA,PEREZ ROMO PATRICIA
"ZAPATA PENASCO,NORMA ICOQUIH","ZAPATA PENASCO,NORMA ICOQUIH",fl:no_ln:zapatapenasco-1,89968,ZAPATA PENASCO,NORMA ICOQUIH,ZAPATA PENASCO NORMA ICOQUIH
"GARIBAY FEBLES,VICENTE","GARIBAY FEBLES,VICENTE",fl:vi_ln:garibayfebles-1,20304,GARIBAY FEBLES,VICENTE,GARIBAY FEBLES VICENTE
"LIKHANOVA,NATALYA VICTOROVNA","LIKHANOVA,NATALYA VICTOROVNA",fl:na_ln:victorovnalikhanova-1,121084,LIKHANOVA,NATALYA VICTOROVNA,LIKHANOVA NATALYA VICTOROVNA
"RODRIGUEZ SALINAS,JUAN JOSE","RODRIGUEZ SALINAS,JUAN JOSE",fl:ju_ln:rodriguezsalinas-1,37308,RODRIGUEZ SALINAS,JUAN JOSE,RODRIGUEZ SALINAS JUAN JOSE
"SCHACHT HERNANDEZ,PERSI","SCHACHT HERNANDEZ,PERSI",fl:pe_ln:schachthernandez-1,123241,SCHACHT HERNANDEZ,PERSI,SCHACHT HERNANDEZ PERSI
"VELEZ ARGUMEDO,CATALINA MARIA","VELEZ ARGUMEDO,CATALINA MARIA",fl:ca_ln:velezargumedo-1,445986,VELEZ ARGUMEDO,CATALINA MARIA,VELEZ ARGUMEDO CATALINA MARIA
"ARMENDARIZ BORUNDA,JUAN SOCORRO","ARMENDARIZ BORUNDA,JUAN SOCORRO",fl:ju_ln:armendarizborunda-1,4539,ARMENDARIZ BORUNDA,JUAN SOCORRO,ARMENDARIZ BORUNDA JUAN SOCORRO
"GEVORGYAN,GOHAR","GEVORGYAN,GOHAR",fl:go_ln:gevorgyan-1,16196,GEVORGYAN,GOHAR,GEVORGYAN GOHAR
"MANUCHARYAN,KAREN","MANUCHARYAN,KAREN",fl:ka_ln:manucharyan-1,16195,MANUCHARYAN,KAREN,MANUCHARYAN KAREN
"RAMIREZ PEREZ,JORGE FRANCISCO","RAMIREZ PEREZ,JORGE FRANCISCO",fl:jo_ln:ramirezperez-1,429320,RAMIREZ PEREZ,JORGE FRANCISCO,RAMIREZ PEREZ JORGE FRANCISCO
"MARTINEZ MAGADAN,JOSE MANUEL","MARTINEZ MAGADAN,JOSE MANUEL",fl:jo_ln:martinezmagadan-1,12790,MARTINEZ MAGADAN,JOSE MANUEL,MARTINEZ MAGADAN JOSE MANUEL
"LOPEZ RAMIREZ,SIMON","LOPEZ RAMIREZ,SIMON",fl:si_ln:lopezramirez-2,21164,LOPEZ RAMIREZ,SIMON,LOPEZ RAMIREZ SIMON
"DURAN VALENCIA,CECILIA DE LOS ANGELES","DURAN VALENCIA,CECILIA DE LOS ANGELES",fl:ce_ln:duranvalencia-1,26209,DURAN VALENCIA,CECILIA DE LOS ANGELES,DURAN VALENCIA CECILIA DE LOS ANGELES
"OVIEDO ROA,RAUL","OVIEDO ROA,RAUL",fl:ra_ln:oviedoroa-1,15382,OVIEDO ROA,RAUL,OVIEDO ROA RAUL
"ORTEGA RODRIGUEZ,ALEJANDRO","ORTEGA RODRIGUEZ,ALEJANDRO",fl:al_ln:ortegarodriguez-1,200933,ORTEGA RODRIGUEZ,ALEJANDRO,ORTEGA RODRIGUEZ ALEJANDRO
"MARTINEZ SANCHEZ,JOSE","MARTINEZ SANCHEZ,JOSE FRANCISCO",fl:jo_ln:sanchez-26,351298,MARTINEZ SANCHEZ,JOSE FRANCISCO,MARTINEZ SANCHEZ JOSE FRANCISCO
"MARTINEZ SANCHEZ,JOSE","MARTINEZ SANCHEZ,JOSE LUIS",fl:jo_ln:sanchez-26,120967,MARTINEZ SANCHEZ,JOSE LUIS,MARTINEZ SANCHEZ JOSE LUIS
"ZAVALA OLIVARES,GERARDO","ZAVALA OLIVARES,GERARDO",fl:ge_ln:zavalaolivares-1,26145,ZAVALA OLIVARES,GERARDO,ZAVALA OLIVARES GERARDO
"CASTRO ROSAS,JAVIER","CASTRO ROSAS,JAVIER",fl:ja_ln:castrorosas-1,26198,CASTRO ROSAS,JAVIER,CASTRO ROSAS JAVIER
"GOMEZ ALDAPA,CARLOS ALBERTO","GOMEZ ALDAPA,CARLOS ALBERTO",fl:ca_ln:gomezaldapa-1,20051,GOMEZ ALDAPA,CARLOS ALBERTO,GOMEZ ALDAPA CARLOS ALBERTO
"DE LA ROSA SANTAMARIA,ROBERTO","DE LA ROSA SANTAMARIA,ROBERTO",fl:ro_ln:delarosasantamaria-1,96556,DE LA ROSA SANTAMARIA,ROBERTO,DE LA ROSA SANTAMARIA ROBERTO
"MENDOZA,CARLOS","MENDOZA,CARLOS",fl:ca_ln:mendoza-2,11755,MENDOZA,CARLOS,MENDOZA CARLOS
"KONTOROVICH MAZOVER,VALERI","KONTOROVICH MAZOVER,VALERI",fl:va_ln:kontorovichmazover-1,15162,KONTOROVICH MAZOVER,VALERI,KONTOROVICH MAZOVER VALERI
"GONZALEZ MONTIEL,ALFONSO","GONZALEZ MONTIEL,ALFONSO",fl:al_ln:gonzalezmontiel-1,21599,GONZALEZ MONTIEL,ALFONSO,GONZALEZ MONTIEL ALFONSO
"FLORES SANTOS,LETICIA","FLORES SANTOS,LETICIA",fl:le_ln:floressantos-1,31374,FLORES SANTOS,LETICIA,FLORES SANTOS LETICIA
"ANGELES CHAVEZ,CARLOS","ANGELES CHAVEZ,CARLOS",fl:ca_ln:angeleschavez-1,20404,ANGELES CHAVEZ,CARLOS,ANGELES CHAVEZ CARLOS
"LOPEZ SALINAS,ESTEBAN","LOPEZ SALINAS,ESTEBAN",fl:es_ln:lopezsalinas-2,14473,LOPEZ SALINAS,ESTEBAN,LOPEZ SALINAS ESTEBAN
"ESCOBAR AGUILAR,JOSE","ESCOBAR AGUILAR,JOSE",fl:jo_ln:escobaraguilar-1,16568,ESCOBAR AGUILAR,JOSE,ESCOBAR AGUILAR JOSE
"FERRAT TORRES,GERARDO","FERRAT TORRES,GERARDO",fl:ge_ln:ferrattorres-1,25092,FERRAT TORRES,GERARDO,FERRAT TORRES GERARDO
"MOSQUEIRA MONDRAGON,MARIA DE LOURDES","MOSQUEIRA MONDRAGON,MARIA DE LOURDES ARACELI",fl:ma_ln:mosqueiramondragon-1,120179,MOSQUEIRA MONDRAGON,MARIA DE LOURDES ARACELI,MOSQUEIRA MONDRAGON MARIA DE LOURDES ARACELI
"CORTES JACOME,MARIA ANTONIA","CORTES JACOME,MARIA ANTONIA",fl:ma_ln:cortesjacome-1,20476,CORTES JACOME,MARIA ANTONIA,CORTES JACOME MARIA ANTONIA
"PEREZ LUNA,MIGUEL","PEREZ LUNA,MIGUEL",fl:mi_ln:perezluna-1,9129,PEREZ LUNA,MIGUEL,PEREZ LUNA MIGUEL
"TOLEDO ANTONIO,JOSE ANTONIO","TOLEDO ANTONIO,JOSE ANTONIO",fl:jo_ln:toledoantonio-1,12450,TOLEDO ANTONIO,JOSE ANTONIO,TOLEDO ANTONIO JOSE ANTONIO
"MENESES RUIZ,EDITH","MENESES RUIZ,EDITH",fl:ed_ln:menesesruiz-1,175051,MENESES RUIZ,EDITH,MENESES RUIZ EDITH
"RAMIREZ SABAG,JETZABETH","RAMIREZ SABAG,JETZABETH",fl:je_ln:ramirezsabag-1,120276,RAMIREZ SABAG,JETZABETH,RAMIREZ SABAG JETZABETH
"SANTILLAN GODINEZ,ORLANDO","SANTILLAN GODINEZ,ORLANDO",fl:or_ln:santillangodinez-1,268929,SANTILLAN GODINEZ,ORLANDO,SANTILLAN GODINEZ ORLANDO
"GUTIERREZ,LUIS","GUTIERREZ,LUIS",fl:jo_ln:gutierrezflores-1,20375,GUTIERREZ,LUIS,GUTIERREZ LUIS
"HERNANDEZ,DANIEL JOSEPH","HERNANDEZ,DANIEL",fl:da_ln:hernandez-5,11967,HERNANDEZ,DANIEL,HERNANDEZ DANIEL
"MIRANDA GUERRERO,ROBERTO","MIRANDA GUERRERO,ROBERTO",fl:ro_ln:mirandaguerrero-1,22387,MIRANDA GUERRERO,ROBERTO,MIRANDA GUERRERO ROBERTO
"POSSANI POSTAY,LOURIVAL DOMINGOS","POSSANI POSTAY,LOURIVAL DOMINGOS",fl:lo_ln:possanipostay-2,653,POSSANI POSTAY,LOURIVAL DOMINGOS,POSSANI POSTAY LOURIVAL DOMINGOS
"MIRIDONOV,SERGUEI","MIRIDONOV,SERGUEI",fl:se_ln:miridonov-1,13548,MIRIDONOV,SERGUEI,MIRIDONOV SERGUEI
"GARCIA LUNA,ARMANDO","GARCIA LUNA,ARMANDO",fl:ar_ln:garcialuna-1,33303,GARCIA LUNA,ARMANDO,GARCIA LUNA ARMANDO
"RUIZ MORALES,YOSADARA","RUIZ MORALES,YOSADARA",fl:yo_ln:ruizmorales-1,20657,RUIZ MORALES,YOSADARA,RUIZ MORALES YOSADARA
"MORA VALLEJO,RODOLFO JUVENTINO","MORA VALLEJO,RODOLFO JUVENTINO",fl:ro_ln:moravallejo-1,281273,MORA VALLEJO,RODOLFO JUVENTINO,MORA VALLEJO RODOLFO JUVENTINO
"ALONSO MARTINEZ,FERNANDO","ALONSO MARTINEZ,FERNANDO",fl:fe_ln:alonsomartinez-1,253776,ALONSO MARTINEZ,FERNANDO,ALONSO MARTINEZ FERNANDO
"PEREZ MORENO,VICTOR","PEREZ MORENO,VICTOR",fl:vi_ln:perezmoreno-1,25017,PEREZ MORENO,VICTOR,PEREZ MORENO VICTOR
"AGUILAR ELGUEZABAL,ALFREDO","AGUILAR ELGUEZABAL,ALFREDO",fl:al_ln:elguezabal-1,15983,AGUILAR ELGUEZABAL,ALFREDO,AGUILAR ELGUEZABAL ALFREDO
"DE LA CRUZ CORDERO,RICARDO ABRAHAM","DE LA CRUZ CORDERO,RICARDO ABRAHAM",fl:ri_ln:delacruzcordero-1,121952,DE LA CRUZ CORDERO,RICARDO ABRAHAM,DE LA CRUZ CORDERO RICARDO ABRAHAM
"RIOS CASTANEDA,LUIS CAMILO","RIOS CASTANEDA,LUIS CAMILO",fl:lu_ln:rioscastaneda-1,5641,RIOS CASTANEDA,LUIS CAMILO,RIOS CASTANEDA LUIS CAMILO
"ALVAREZ CONTRERAS,LORENA","ALVAREZ CONTRERAS,LORENA",fl:lo_ln:alvarezcontreras-1,122064,ALVAREZ CONTRERAS,LORENA,ALVAREZ CONTRERAS LORENA
"LAREDO SANCHEZ,GEORGINA CECILIA","LAREDO SANCHEZ,GEORGINA CECILIA",fl:ge_ln:laredosanchez-1,6114,LAREDO SANCHEZ,GEORGINA CECILIA,LAREDO SANCHEZ GEORGINA CECILIA
"TOVAR LOPEZ,FRANCISCO JAVIER","TOVAR LOPEZ,FRANCISCO JAVIER",fl:fr_ln:tovarlopez-1,177610,TOVAR LOPEZ,FRANCISCO JAVIER,TOVAR LOPEZ FRANCISCO JAVIER
"GUERRA ZUBIAGA,DAVID APOLINAR","GUERRA ZUBIAGA,DAVID APOLINAR",fl:da_ln:guerrazubiaga-1,122423,GUERRA ZUBIAGA,DAVID APOLINAR,GUERRA ZUBIAGA DAVID APOLINAR
"CONTRERAS DE LEON,JOSE EULALIO","CONTRERAS DE LEON,JOSE EULALIO",fl:jo_ln:contrerasdeleon-1,39014,CONTRERAS DE LEON,JOSE EULALIO,CONTRERAS DE LEON JOSE EULALIO
"CANTO IBANEZ,JORGE JOAQUIN","CANTO IBANEZ,JORGE JOAQUIN",fl:jo_ln:ibanez-1,131176,CANTO IBANEZ,JORGE JOAQUIN,CANTO IBANEZ JORGE JOAQUIN
"GUZMAN LUCERO,DIEGO JAVIER","GUZMAN LUCERO,DIEGO JAVIER",fl:di_ln:guzmanlucero-1,121688,GUZMAN LUCERO,DIEGO JAVIER,GUZMAN LUCERO DIEGO JAVIER
"PALOMEQUE SANTIAGO,JORGE FROYLAN","PALOMEQUE SANTIAGO,JORGE FROYLAN",fl:jo_ln:palomequesantiago-1,30322,PALOMEQUE SANTIAGO,JORGE FROYLAN,PALOMEQUE SANTIAGO JORGE FROYLAN
"MARTINEZ MARTINEZ,JESUS MANUEL","MARTINEZ MARTINEZ,JESUS",fl:je_ln:martinezmartinez-1,350779,MARTINEZ MARTINEZ,JESUS,MARTINEZ MARTINEZ JESUS
"PENA CABRERA,EDUARDO","PENA CABRERA,EDUARDO",fl:ed_ln:penacabrera-1,15649,PENA CABRERA,EDUARDO,PENA CABRERA EDUARDO
"BUENROSTRO GONZALEZ,EDUARDO","BUENROSTRO GONZALEZ,EDUARDO",fl:ed_ln:buenrostrogonzalez-1,30912,BUENROSTRO GONZALEZ,EDUARDO,BUENROSTRO GONZALEZ EDUARDO
"CENDEJAS SANTANA,GABRIEL","CENDEJAS SANTANA,GABRIEL",fl:ga_ln:cendejassantana-1,223181,CENDEJAS SANTANA,GABRIEL,CENDEJAS SANTANA GABRIEL
"MENDOZA DE LA CRUZ,JOSE LUIS","MENDOZA DE LA CRUZ,JOSE LUIS",fl:jo_ln:mendozadelacruz-1,278086,MENDOZA DE LA CRUZ,JOSE LUIS,MENDOZA DE LA CRUZ JOSE LUIS
"ZAPATA RENDON,BEATRIZ","ZAPATA RENDON,BEATRIZ",fl:be_ln:zapatarendon-1,15364,ZAPATA RENDON,BEATRIZ,ZAPATA RENDON BEATRIZ
"ACEVES DIEZ,ANGEL EMILIO","ACEVES DIEZ,ANGEL EMILIO",fl:an_ln:acevesdiez-1,50137,ACEVES DIEZ,ANGEL EMILIO,ACEVES DIEZ ANGEL EMILIO
"RAMIREZ AMADOR,SERGIO","RAMIREZ AMADOR,SERGIO",fl:se_ln:ramirezamador-1,6906,RAMIREZ AMADOR,SERGIO,RAMIREZ AMADOR SERGIO
"GONZALEZ RODRIGUEZ,LUIS","GONZALEZ RODRIGUEZ,LUIS MARIO",fl:lu_ln:gonzalezrodriguez-1,209619,GONZALEZ RODRIGUEZ,LUIS MARIO,GONZALEZ RODRIGUEZ LUIS MARIO
"RODRIGUEZ ALCAZAR,JORGE","RODRIGUEZ ALCAZAR,JORGE",fl:jo_ln:alcazar-2,3809,RODRIGUEZ ALCAZAR,JORGE,RODRIGUEZ ALCAZAR JORGE
"ANTON PALMA,BENITO","ANTON PALMA,BENITO",fl:be_ln:palma-1,19714,ANTON PALMA,BENITO,ANTON PALMA BENITO
"ALEMAN VAZQUEZ,LAURA OLIVIA ","ALEMAN VAZQUEZ,LAURA OLIVIA",fl:la_ln:alemanvazquez-1,122808,ALEMAN VAZQUEZ,LAURA OLIVIA,ALEMAN VAZQUEZ LAURA OLIVIA
"VILLARREAL TREVINO,JUAN ANTONIO","VILLARREAL TREVINO,JUAN ANTONIO",fl:ju_ln:villarrealtrevino-1,32126,VILLARREAL TREVINO,JUAN ANTONIO,VILLARREAL TREVINO JUAN ANTONIO
"LIU,HONGBO","LIU,HONGBO",fl:ho_ln:liu-78,21624,LIU,HONGBO,LIU HONGBO
